x,y,color
24,81,black
27,92,yellow
41,83,yellow
66,27,black
89,85,yellow
84,47,yellow
33,32,black
80,79,yellow
80,33,black
50,82,yellow
74,31,black
67,82,black
6,58,yellow
19,77,yellow
5,30,yellow
70,3,yellow
9,91,yellow
5,48,yellow
30,60,yellow
64,30,black
32,73,black
46,95,yellow
73,57,yellow
83,15,yellow
28,25,black
48,62,yellow
87,77,yellow
84,63,yellow
14,22,yellow
41,0,yellow
9,7,yellow
79,57,yellow
81,24,yellow
55,9,black
58,21,black
25,21,black
97,7,yellow
5,33,yellow
76,24,black
61,65,yellow
78,62,yellow
56,34,black
90,92,yellow
1,84,yellow
7,43,yellow
94,88,yellow
38,92,yellow
26,65,yellow
77,66,yellow
87,39,yellow
86,10,yellow
24,38,black
23,78,black
49,55,yellow
25,43,yellow
92,32,yellow
84,1,yellow
77,98,yellow
96,60,yellow
23,7,yellow
0,90,yellow
18,82,yellow
38,74,black
90,26,yellow
45,32,black
79,35,black
39,22,black
99,65,yellow
19,57,yellow
72,3,yellow
80,35,black
96,86,yellow
98,74,yellow
25,76,black
14,82,yellow
26,50,yellow
14,28,yellow
38,89,yellow
76,99,yellow
63,4,yellow
20,16,yellow
11,12,yellow
59,1,yellow
95,81,yellow
0,92,yellow
17,29,yellow
86,6,yellow
63,53,yellow
95,99,yellow
35,89,yellow
60,66,yellow
7,35,yellow
21,73,yellow
94,96,yellow
14,80,yellow
34,8,yellow
58,37,black
90,48,yellow
77,67,yellow
26,36,black
91,80,yellow
25,90,yellow
15,33,yellow
0,94,yellow
16,62,yellow
14,35,yellow
23,66,yellow
54,35,black
12,15,yellow
60,65,yellow
76,43,yellow
56,92,yellow
12,62,yellow
85,48,yellow
66,43,yellow
97,1,yellow
92,39,yellow
81,6,yellow
66,18,black
9,86,yellow
75,99,yellow
62,14,black
70,60,yellow
35,47,yellow
64,62,yellow
75,66,yellow
48,85,yellow
10,93,yellow
22,47,yellow
55,5,yellow
45,75,yellow
37,80,black
19,21,yellow
54,42,yellow
38,35,black
47,3,yellow
44,75,yellow
80,18,yellow
79,93,yellow
78,36,black
36,42,yellow
72,21,black
46,43,yellow
5,29,yellow
89,8,yellow
60,23,black
23,0,yellow
42,8,yellow
92,85,yellow
60,67,yellow
21,68,yellow
60,96,yellow
21,95,yellow
78,80,black
29,64,yellow
35,88,black
70,8,yellow
44,17,black
24,58,yellow
14,25,yellow
99,53,yellow
42,82,yellow
39,74,yellow
48,30,black
58,67,yellow
97,88,yellow
25,80,black
61,45,yellow
20,37,black
44,37,black
72,6,yellow
53,25,black
35,65,yellow
48,75,yellow
48,65,yellow
48,79,yellow
28,13,yellow
39,85,yellow
63,86,black
22,31,black
3,84,yellow
74,44,yellow
64,86,black
29,86,black
36,78,black
0,19,yellow
53,3,yellow
83,76,yellow
24,52,yellow
61,4,yellow
87,55,yellow
10,24,yellow
24,33,black
51,30,black
84,78,yellow
65,95,yellow
2,23,yellow
13,23,yellow
80,93,yellow
95,73,yellow
49,90,yellow
40,18,black
31,82,black
9,71,yellow
63,75,black
42,5,yellow
29,48,yellow
43,64,yellow
93,14,yellow
60,69,yellow
73,85,black
70,86,black
34,18,black
87,54,yellow
8,11,yellow
81,26,yellow
56,66,yellow
16,60,yellow
48,68,yellow
20,13,yellow
95,66,yellow
55,67,yellow
64,11,yellow
89,2,yellow
62,71,yellow
63,59,yellow
78,56,yellow
50,54,yellow
6,70,yellow
93,98,yellow
41,79,yellow
40,40,yellow
38,40,yellow
93,75,yellow
34,6,yellow
47,70,yellow
49,30,black
65,26,black
39,69,yellow
36,28,black
9,77,yellow
17,24,yellow
58,8,yellow
75,59,yellow
85,49,yellow
11,37,yellow
33,29,black
38,88,yellow
18,1,yellow
61,80,black
70,87,black
34,29,black
38,72,yellow
65,9,yellow
63,81,black
55,16,black
50,73,yellow
25,15,yellow
13,24,yellow
31,55,yellow
57,15,black
65,79,black
47,39,black
80,89,yellow
29,43,yellow
30,55,yellow
16,6,yellow
41,29,black
65,44,yellow
81,54,yellow
94,36,yellow
10,83,yellow
65,73,black
63,70,yellow
26,14,yellow
68,33,black
99,78,yellow
86,17,yellow
15,20,yellow
33,72,black
49,13,black
44,55,yellow
28,79,black
25,42,yellow
79,7,yellow
15,86,yellow
59,35,black
20,65,yellow
2,4,yellow
24,85,black
84,13,yellow
20,8,yellow
94,12,yellow
93,91,yellow
50,86,yellow
10,95,yellow
91,8,yellow
27,11,yellow
34,1,yellow
55,45,yellow
83,90,yellow
16,26,yellow
72,72,black
64,69,yellow
33,55,yellow
32,21,black
97,76,yellow
41,86,yellow
98,80,yellow
18,13,yellow
57,49,yellow
32,99,yellow
6,80,yellow
91,67,yellow
66,38,black
22,48,yellow
74,71,black
32,30,black
92,43,yellow
42,54,yellow
6,28,yellow
63,91,yellow
92,47,yellow
82,65,yellow
51,88,yellow
37,98,yellow
60,2,yellow
88,67,yellow
55,12,black
90,70,yellow
7,74,yellow
54,60,yellow
27,68,yellow
23,33,black
69,13,yellow
90,84,yellow
69,70,yellow
19,16,yellow
23,75,black
46,39,black
86,85,yellow
64,31,black
70,59,yellow
7,24,yellow
3,83,yellow
30,5,yellow
82,35,yellow
78,66,yellow
31,48,yellow
31,19,black
75,28,black
36,14,black
14,0,yellow
24,64,yellow
91,93,yellow
96,33,yellow
15,99,yellow
71,80,black
53,5,yellow
97,41,yellow
56,33,black
55,94,yellow
10,9,yellow
10,18,yellow
8,74,yellow
87,78,yellow
52,17,black
17,37,yellow
91,40,yellow
47,72,yellow
23,74,black
98,83,yellow
42,4,yellow
33,79,black
26,45,yellow
21,39,black
21,80,black
27,44,yellow
50,46,yellow
72,96,yellow
22,45,yellow
33,26,black
93,4,yellow
49,89,yellow
17,56,yellow
37,44,yellow
25,99,yellow
44,60,yellow
33,78,black
18,11,yellow
43,71,yellow
18,44,yellow
87,19,yellow
8,93,yellow
99,86,yellow
85,87,yellow
77,44,yellow
29,11,yellow
56,82,yellow
47,17,black
57,80,yellow
60,56,yellow
0,60,yellow
77,60,yellow
7,36,yellow
95,55,yellow
66,15,black
21,86,yellow
10,86,yellow
35,64,yellow
53,30,black
31,93,yellow
65,85,black
98,86,yellow
71,50,yellow
69,61,yellow
30,99,yellow
41,24,black
17,81,yellow
91,42,yellow
29,25,black
80,98,yellow
75,89,yellow
59,11,black
81,3,yellow
16,10,yellow
36,53,yellow
73,75,black
56,8,yellow
38,98,yellow
34,67,yellow
16,19,yellow
30,67,yellow
2,88,yellow
70,81,black
11,28,yellow
97,90,yellow
2,55,yellow
50,29,black
15,19,yellow
9,76,yellow
36,1,yellow
82,61,yellow
45,84,yellow
6,30,yellow
67,58,yellow
11,53,yellow
57,67,yellow
42,48,yellow
53,34,black
19,90,yellow
99,89,yellow
23,27,black
95,22,yellow
30,46,yellow
30,89,black
11,26,yellow
85,4,yellow
37,53,yellow
85,20,yellow
5,70,yellow
43,97,yellow
98,66,yellow
98,87,yellow
31,16,black
60,16,black
61,30,black
60,95,yellow
56,41,yellow
68,52,yellow
60,99,yellow
5,47,yellow
59,20,black
73,77,black
99,10,yellow
81,57,yellow
13,96,yellow
67,35,black
20,11,yellow
13,99,yellow
56,68,yellow
53,23,black
24,21,yellow
77,46,yellow
4,66,yellow
16,52,yellow
3,27,yellow
22,78,black
14,5,yellow
56,36,black
51,66,yellow
16,80,yellow
28,59,yellow
13,62,yellow
96,78,yellow
58,99,yellow
82,9,yellow
52,91,yellow
33,98,yellow
37,66,yellow
71,10,yellow
37,48,yellow
50,65,yellow
47,52,yellow
41,16,black
67,20,black
63,31,black
35,68,yellow
54,68,yellow
68,90,yellow
39,19,black
98,21,yellow
87,6,yellow
14,89,yellow
60,63,yellow
56,24,black
13,41,yellow
58,82,yellow
87,56,yellow
21,67,yellow
61,24,black
41,28,black
19,31,yellow
31,81,black
83,77,yellow
13,88,yellow
3,46,yellow
25,61,yellow
32,57,yellow
0,27,yellow
34,20,black
10,42,yellow
52,94,yellow
51,47,yellow
73,38,black
95,78,yellow
98,76,yellow
29,16,yellow
23,69,yellow
38,32,black
75,35,black
33,3,yellow
17,26,yellow
46,91,yellow
25,28,black
45,49,yellow
74,41,yellow
54,61,yellow
1,26,yellow
37,32,black
93,86,yellow
16,13,yellow
31,22,black
81,31,yellow
70,71,black
87,7,yellow
19,42,yellow
28,34,black
48,40,yellow
70,34,black
8,0,yellow
42,84,yellow
8,20,yellow
55,24,black
6,2,yellow
44,43,yellow
69,50,yellow
21,4,yellow
64,72,black
42,90,yellow
75,43,yellow
12,59,yellow
10,51,yellow
16,36,yellow
77,90,yellow
6,84,yellow
33,1,yellow
16,18,yellow
44,6,yellow
48,78,yellow
5,35,yellow
99,9,yellow
16,56,yellow
48,21,black
71,28,black
54,74,yellow
31,69,yellow
59,90,yellow
55,82,yellow
74,19,yellow
16,44,yellow
70,27,black
5,41,yellow
46,3,yellow
80,27,yellow
27,58,yellow
83,65,yellow
93,7,yellow
85,6,yellow
70,62,yellow
97,16,yellow
8,89,yellow
18,66,yellow
49,98,yellow
46,89,yellow
54,47,yellow
25,2,yellow
69,43,yellow
91,30,yellow
47,18,black
73,56,yellow
5,85,yellow
71,52,yellow
87,10,yellow
5,91,yellow
86,79,yellow
44,73,yellow
79,60,yellow
89,72,yellow
83,54,yellow
8,14,yellow
47,63,yellow
78,45,yellow
54,10,black
84,8,yellow
27,4,yellow
22,50,yellow
20,44,yellow
18,84,yellow
72,43,yellow
76,25,black
1,60,yellow
58,68,yellow
98,16,yellow
64,54,yellow
87,58,yellow
95,45,yellow
62,5,yellow
6,22,yellow
26,10,yellow
59,62,yellow
1,76,yellow
4,58,yellow
99,70,yellow
6,6,yellow
40,84,yellow
37,97,yellow
28,3,yellow
12,2,yellow
94,50,yellow
68,22,black
44,45,yellow
15,74,yellow
54,11,black
16,38,yellow
43,17,black
82,52,yellow
79,39,black
96,80,yellow
3,78,yellow
11,93,yellow
78,0,yellow
30,57,yellow
10,77,yellow
69,81,black
75,88,black
39,93,yellow
17,71,yellow
71,35,black
81,14,yellow
90,93,yellow
24,82,black
45,76,yellow
77,41,yellow
58,15,black
13,85,yellow
28,81,black
3,48,yellow
74,0,yellow
81,2,yellow
3,13,yellow
26,99,yellow
48,20,black
69,41,yellow
45,10,black
14,15,yellow
85,80,yellow
53,56,yellow
10,13,yellow
72,45,yellow
68,27,black
18,21,yellow
19,22,yellow
48,64,yellow
91,5,yellow
36,87,black
29,46,yellow
57,6,yellow
89,75,yellow
76,54,yellow
24,17,yellow
17,42,yellow
77,84,black
5,42,yellow
52,71,yellow
17,90,yellow
49,94,yellow
75,6,yellow
5,55,yellow
69,7,yellow
48,91,yellow
26,15,yellow
53,55,yellow
1,81,yellow
53,16,black
19,32,yellow
93,42,yellow
54,82,yellow
85,17,yellow
61,1,yellow
47,14,black
38,31,black
16,57,yellow
77,73,black
82,57,yellow
7,69,yellow
31,44,yellow
59,27,black
90,76,yellow
4,49,yellow
28,68,yellow
15,12,yellow
32,60,yellow
67,8,yellow
20,59,yellow
53,94,yellow
67,61,yellow
55,72,yellow
43,76,yellow
30,14,yellow
31,37,black
95,74,yellow
36,7,yellow
74,92,yellow
72,95,yellow
98,29,yellow
37,73,black
97,26,yellow
73,1,yellow
93,28,yellow
63,45,yellow
19,17,yellow
24,62,yellow
77,88,yellow
31,30,black
72,71,black
47,16,black
53,62,yellow
64,29,black
21,27,yellow
48,43,yellow
60,87,yellow
73,45,yellow
10,67,yellow
87,94,yellow
66,94,yellow
91,23,yellow
49,64,yellow
36,40,yellow
4,8,yellow
30,72,black
94,7,yellow
12,34,yellow
96,73,yellow
38,44,yellow
60,5,yellow
9,52,yellow
82,5,yellow
73,12,yellow
0,26,yellow
73,43,yellow
73,74,black
92,90,yellow
13,93,yellow
17,39,yellow
69,97,yellow
0,56,yellow
16,5,yellow
37,34,black
48,81,yellow
5,10,yellow
80,39,black
24,90,yellow
89,22,yellow
92,76,yellow
39,76,black
32,75,black
83,5,yellow
14,66,yellow
54,52,yellow
64,26,black
74,34,black
85,69,yellow
31,39,black
85,85,yellow
56,74,yellow
64,4,yellow
38,1,yellow
54,67,yellow
88,3,yellow
82,88,yellow
72,57,yellow
64,71,yellow
70,24,black
11,88,yellow
46,72,yellow
1,56,yellow
37,4,yellow
56,86,yellow
38,11,black
62,86,black
76,17,yellow
32,17,black
57,9,yellow
9,18,yellow
60,89,yellow
27,29,black
44,31,black
17,77,yellow
38,46,yellow
27,14,yellow
25,1,yellow
54,30,black
8,63,yellow
93,31,yellow
21,54,yellow
67,38,black
46,73,yellow
41,41,yellow
84,42,yellow
35,43,yellow
64,61,yellow
30,78,black
19,54,yellow
53,36,black
41,11,black
10,21,yellow
27,64,yellow
72,94,yellow
9,47,yellow
71,30,black
6,4,yellow
25,4,yellow
81,97,yellow
43,15,black
43,28,black
33,23,black
95,6,yellow
94,17,yellow
37,11,yellow
65,50,yellow
77,71,yellow
34,42,yellow
55,33,black
43,8,yellow
60,7,yellow
83,0,yellow
52,34,black
70,50,yellow
2,3,yellow
40,75,yellow
84,56,yellow
66,32,black
17,78,yellow
35,7,yellow
11,32,yellow
36,91,yellow
43,73,yellow
90,43,yellow
10,96,yellow
97,86,yellow
30,34,black
80,34,black
26,73,black
66,2,yellow
66,71,black
71,85,black
89,65,yellow
58,0,yellow
20,1,yellow
84,84,yellow
49,91,yellow
32,8,yellow
78,81,black
82,87,yellow
35,13,black
50,40,yellow
76,55,yellow
57,77,yellow
25,19,yellow
74,51,yellow
38,63,yellow
61,97,yellow
89,93,yellow
69,73,black
39,31,black
60,26,black
98,18,yellow
67,80,black
5,8,yellow
90,74,yellow
65,59,yellow
24,45,yellow
70,92,yellow
63,48,yellow
28,16,yellow
63,7,yellow
46,83,yellow
24,40,yellow
95,27,yellow
56,62,yellow
18,2,yellow
16,30,yellow
66,85,black
26,26,black
33,14,black
92,69,yellow
44,94,yellow
17,9,yellow
70,36,black
56,40,yellow
15,63,yellow
10,53,yellow
3,71,yellow
51,46,yellow
35,21,black
71,5,yellow
34,48,yellow
8,69,yellow
0,79,yellow
17,8,yellow
11,46,yellow
87,25,yellow
68,80,black
8,19,yellow
8,25,yellow
1,50,yellow
31,51,yellow
18,17,yellow
72,13,yellow
68,75,black
24,86,black
46,68,yellow
45,60,yellow
36,30,black
2,73,yellow
62,47,yellow
9,26,yellow
6,98,yellow
22,57,yellow
84,77,yellow
32,5,yellow
87,95,yellow
15,71,yellow
92,20,yellow
73,98,yellow
46,19,black
48,45,yellow
7,61,yellow
41,95,yellow
96,42,yellow
9,60,yellow
64,44,yellow
30,77,black
61,89,yellow
58,1,yellow
71,18,black
23,90,yellow
81,87,yellow
90,13,yellow
90,55,yellow
60,90,yellow
74,67,yellow
51,85,yellow
44,64,yellow
10,58,yellow
19,0,yellow
39,87,yellow
51,93,yellow
91,27,yellow
47,48,yellow
6,39,yellow
5,17,yellow
61,47,yellow
54,18,black
5,99,yellow
98,12,yellow
55,15,black
42,65,yellow
74,1,yellow
61,73,yellow
77,51,yellow
5,95,yellow
65,20,black
15,53,yellow
46,7,yellow
90,5,yellow
96,77,yellow
66,23,black
0,6,yellow
78,87,yellow
3,65,yellow
74,17,yellow
71,6,yellow
15,85,yellow
73,61,yellow
15,28,yellow
95,7,yellow
30,91,yellow
56,26,black
12,52,yellow
62,20,black
32,88,black
61,81,black
26,54,yellow
77,11,yellow
57,73,yellow
38,7,yellow
83,34,yellow
70,30,black
65,98,yellow
61,60,yellow
81,33,yellow
13,9,yellow
59,83,yellow
13,14,yellow
29,90,yellow
91,98,yellow
71,14,yellow
14,91,yellow
10,32,yellow
59,67,yellow
62,44,yellow
22,33,black
20,14,yellow
81,82,yellow
83,68,yellow
42,99,yellow
18,96,yellow
85,96,yellow
47,66,yellow
76,83,black
93,73,yellow
82,53,yellow
32,37,black
63,83,black
33,52,yellow
45,73,yellow
71,58,yellow
59,77,yellow
71,75,black
86,92,yellow
86,63,yellow
14,52,yellow
46,5,yellow
23,97,yellow
6,79,yellow
7,91,yellow
12,20,yellow
55,31,black
53,31,black
58,38,black
7,63,yellow
0,8,yellow
77,28,black
48,59,yellow
10,3,yellow
80,8,yellow
67,55,yellow
54,20,black
55,88,yellow
93,48,yellow
35,96,yellow
85,18,yellow
81,15,yellow
74,90,yellow
2,28,yellow
85,66,yellow
21,56,yellow
67,10,yellow
29,56,yellow
75,61,yellow
51,80,yellow
27,3,yellow
0,86,yellow
77,52,yellow
57,39,black
40,8,yellow
17,95,yellow
12,32,yellow
88,39,yellow
6,73,yellow
44,16,black
73,5,yellow
86,72,yellow
23,39,black
1,95,yellow
2,31,yellow
37,47,yellow
89,7,yellow
9,49,yellow
84,28,yellow
26,79,black
34,63,yellow
88,35,yellow
59,18,black
34,94,yellow
29,38,black
83,45,yellow
53,22,black
75,92,yellow
0,38,yellow
28,35,black
96,43,yellow
40,89,yellow
47,58,yellow
90,33,yellow
72,38,black
37,83,black
80,56,yellow
18,61,yellow
69,69,yellow
74,28,black
95,31,yellow
24,74,black
65,22,black
65,10,yellow
26,33,black
30,2,yellow
32,45,yellow
33,35,black
24,27,black
28,69,yellow
93,58,yellow
63,19,black
90,23,yellow
79,73,yellow
31,6,yellow
27,62,yellow
92,13,yellow
55,39,black
34,55,yellow
33,88,black
31,5,yellow
16,81,yellow
56,83,yellow
66,13,black
46,86,yellow
22,92,yellow
35,78,black
98,51,yellow
94,79,yellow
5,77,yellow
85,90,yellow
36,2,yellow
64,8,yellow
96,15,yellow
14,69,yellow
0,3,yellow
41,54,yellow
0,64,yellow
52,81,yellow
47,94,yellow
48,93,yellow
60,46,yellow
97,75,yellow
61,7,yellow
88,32,yellow
2,96,yellow
44,8,yellow
5,59,yellow
94,22,yellow
50,36,black
73,21,black
77,92,yellow
17,49,yellow
8,18,yellow
93,51,yellow
76,71,yellow
59,50,yellow
91,79,yellow
84,55,yellow
55,44,yellow
45,86,yellow
32,81,black
77,50,yellow
75,4,yellow
59,21,black
81,5,yellow
81,59,yellow
76,14,yellow
88,55,yellow
1,9,yellow
72,25,black
23,35,black
32,96,yellow
46,76,yellow
25,55,yellow
73,99,yellow
30,71,black
15,54,yellow
70,10,yellow
96,61,yellow
0,58,yellow
62,76,black
93,59,yellow
20,10,yellow
69,10,yellow
61,98,yellow
21,94,yellow
32,80,black
66,75,black
34,89,black
85,92,yellow
68,8,yellow
97,63,yellow
31,64,yellow
33,59,yellow
29,82,black
8,10,yellow
60,25,black
5,93,yellow
38,26,black
24,95,yellow
28,26,black
37,13,black
9,45,yellow
65,58,yellow
62,34,black
27,33,black
84,70,yellow
7,4,yellow
75,54,yellow
35,14,black
4,54,yellow
36,60,yellow
95,53,yellow
36,44,yellow
92,28,yellow
6,64,yellow
81,20,yellow
10,6,yellow
62,0,yellow
81,90,yellow
94,78,yellow
75,76,black
51,53,yellow
60,29,black
63,34,black
2,6,yellow
68,10,yellow
13,5,yellow
24,20,yellow
83,7,yellow
26,74,black
61,39,black
66,53,yellow
25,8,yellow
26,86,black
93,32,yellow
88,97,yellow
87,90,yellow
10,26,yellow
12,27,yellow
75,38,black
33,49,yellow
49,35,black
60,35,black
26,82,black
25,38,black
40,94,yellow
71,84,black
84,4,yellow
1,87,yellow
66,69,yellow
21,47,yellow
6,78,yellow
27,79,black
13,81,yellow
76,46,yellow
41,12,black
38,8,yellow
13,52,yellow
93,79,yellow
27,50,yellow
82,8,yellow
68,76,black
12,83,yellow
61,54,yellow
17,94,yellow
84,73,yellow
50,71,yellow
71,53,yellow
9,72,yellow
52,2,yellow
56,60,yellow
41,15,black
4,85,yellow
61,18,black
11,7,yellow
99,46,yellow
72,1,yellow
32,9,yellow
51,37,black
36,41,yellow
32,95,yellow
62,85,black
52,54,yellow
42,15,black
46,67,yellow
60,4,yellow
66,64,yellow
30,1,yellow
53,46,yellow
40,81,yellow
56,13,black
11,38,yellow
63,89,yellow
69,30,black
21,6,yellow
86,59,yellow
65,25,black
48,10,black
43,6,yellow
98,11,yellow
1,59,yellow
35,26,black
62,72,yellow
12,78,yellow
44,36,black
55,85,yellow
98,65,yellow
9,38,yellow
74,99,yellow
75,7,yellow
91,11,yellow
8,45,yellow
96,68,yellow
21,35,black
50,43,yellow
10,89,yellow
86,62,yellow
88,10,yellow
99,1,yellow
59,5,yellow
77,80,black
61,20,black
52,10,black
4,98,yellow
71,26,black
23,43,yellow
99,80,yellow
47,86,yellow
21,89,yellow
13,77,yellow
62,3,yellow
72,4,yellow
50,58,yellow
26,0,yellow
40,42,yellow
12,25,yellow
8,34,yellow
69,51,yellow
57,19,black
16,22,yellow
38,4,yellow
53,44,yellow
80,72,yellow
35,37,black
27,32,black
27,17,yellow
92,57,yellow
77,48,yellow
19,92,yellow
69,14,yellow
37,9,yellow
1,75,yellow
38,27,black
65,92,yellow
8,37,yellow
77,47,yellow
36,97,yellow
27,63,yellow
73,62,yellow
19,70,yellow
67,14,black
42,0,yellow
7,39,yellow
58,72,yellow
49,78,yellow
73,72,black
96,66,yellow
76,51,yellow
96,24,yellow
54,39,black
58,7,yellow
31,54,yellow
13,11,yellow
92,0,yellow
87,4,yellow
26,42,yellow
86,99,yellow
31,2,yellow
94,44,yellow
60,94,yellow
69,15,black
49,99,yellow
38,47,yellow
22,62,yellow
18,23,yellow
98,84,yellow
50,93,yellow
13,75,yellow
29,26,black
55,86,yellow
92,49,yellow
75,58,yellow
31,96,yellow
17,91,yellow
27,84,black
36,90,yellow
93,18,yellow
7,79,yellow
40,32,black
63,40,yellow
72,2,yellow
6,82,yellow
96,32,yellow
37,82,black
61,64,yellow
34,71,black
25,36,black
48,12,black
55,81,yellow
71,79,black
69,29,black
52,24,black
13,6,yellow
57,21,black
31,86,black
38,9,yellow
28,4,yellow
65,16,black
26,17,yellow
38,42,yellow
3,90,yellow
99,72,yellow
83,80,yellow
65,97,yellow
48,39,black
41,38,black
56,28,black
83,82,yellow
42,32,black
41,44,yellow
40,25,black
16,92,yellow
44,92,yellow
9,63,yellow
65,35,black
39,27,black
4,12,yellow
72,75,black
51,90,yellow
85,44,yellow
26,23,black
28,22,black
68,16,black
26,94,yellow
88,72,yellow
17,54,yellow
46,50,yellow
11,29,yellow
94,91,yellow
19,46,yellow
72,82,black
96,34,yellow
46,47,yellow
0,48,yellow
46,78,yellow
73,66,yellow
96,97,yellow
11,90,yellow
31,65,yellow
60,13,black
53,52,yellow
24,87,black
20,0,yellow
34,80,black
53,20,black
13,10,yellow
16,66,yellow
58,91,yellow
12,17,yellow
39,10,yellow
28,89,black
45,29,black
0,57,yellow
62,62,yellow
33,12,yellow
98,82,yellow
45,53,yellow
40,93,yellow
62,32,black
17,50,yellow
67,22,black
31,98,yellow
35,40,yellow
64,52,yellow
73,29,black
3,92,yellow
67,87,black
40,63,yellow
78,67,yellow
21,66,yellow
68,19,black
82,89,yellow
57,52,yellow
63,52,yellow
62,79,black
29,79,black
47,93,yellow
11,15,yellow
0,42,yellow
31,0,yellow
73,30,black
84,95,yellow
91,14,yellow
98,5,yellow
53,43,yellow
93,43,yellow
27,19,black
68,0,yellow
4,31,yellow
64,24,black
0,91,yellow
65,0,yellow
72,29,black
25,27,black
49,48,yellow
24,2,yellow
94,25,yellow
78,19,yellow
36,99,yellow
39,91,yellow
51,31,black
39,17,black
19,66,yellow
40,83,yellow
21,76,black
95,41,yellow
46,31,black
36,21,black
30,16,black
48,86,yellow
12,66,yellow
29,3,yellow
94,93,yellow
30,4,yellow
12,91,yellow
77,83,black
79,4,yellow
32,52,yellow
27,24,black
5,46,yellow
99,48,yellow
35,62,yellow
72,44,yellow
34,22,black
8,7,yellow
29,62,yellow
77,97,yellow
62,55,yellow
56,31,black
1,55,yellow
99,50,yellow
14,9,yellow
84,86,yellow
32,24,black
36,98,yellow
72,90,yellow
75,41,yellow
15,79,yellow
19,41,yellow
61,51,yellow
26,78,black
69,36,black
59,17,black
52,66,yellow
23,24,black
19,29,yellow
46,62,yellow
12,70,yellow
44,68,yellow
86,1,yellow
95,46,yellow
50,18,black
15,91,yellow
12,22,yellow
43,44,yellow
20,18,yellow
68,21,black
24,49,yellow
61,96,yellow
45,87,yellow
59,95,yellow
56,85,yellow
90,60,yellow
67,81,black
98,30,yellow
74,73,black
46,80,yellow
85,28,yellow
60,37,black
38,97,yellow
34,79,black
32,93,yellow
83,66,yellow
10,74,yellow
40,58,yellow
34,97,yellow
72,62,yellow
68,48,yellow
54,73,yellow
93,12,yellow
83,10,yellow
65,87,black
74,24,black
92,31,yellow
66,52,yellow
32,55,yellow
26,89,black
88,46,yellow
95,91,yellow
54,23,black
73,3,yellow
88,76,yellow
45,20,black
36,64,yellow
17,12,yellow
35,91,yellow
78,91,yellow
20,28,yellow
22,13,yellow
78,55,yellow
48,42,yellow
30,38,black
89,1,yellow
20,38,black
41,84,yellow
9,92,yellow
78,98,yellow
55,87,yellow
19,94,yellow
16,87,yellow
12,14,yellow
45,42,yellow
27,49,yellow
19,69,yellow
22,43,yellow
62,51,yellow
28,91,yellow
79,77,black
90,69,yellow
85,68,yellow
48,19,black
53,97,yellow
97,33,yellow
81,7,yellow
98,15,yellow
60,28,black
18,53,yellow
35,11,yellow
9,12,yellow
5,45,yellow
36,88,black
92,67,yellow
17,22,yellow
20,77,yellow
64,32,black
32,79,black
22,38,black
9,83,yellow
55,52,yellow
20,89,yellow
39,97,yellow
37,72,yellow
55,50,yellow
77,82,black
19,83,yellow
5,94,yellow
22,70,yellow
98,40,yellow
55,26,black
21,79,black
36,29,black
62,91,yellow
20,45,yellow
18,26,yellow
61,8,yellow
69,17,black
23,63,yellow
76,94,yellow
87,74,yellow
72,77,black
54,43,yellow
59,2,yellow
50,23,black
68,44,yellow
57,36,black
68,53,yellow
83,35,yellow
57,78,yellow
78,70,yellow
97,25,yellow
18,51,yellow
34,72,black
60,60,yellow
17,89,yellow
51,94,yellow
33,63,yellow
66,20,black
61,34,black
88,24,yellow
47,78,yellow
0,32,yellow
9,64,yellow
42,22,black
94,60,yellow
18,62,yellow
8,91,yellow
21,14,yellow
52,63,yellow
19,14,yellow
85,97,yellow
68,32,black
12,63,yellow
42,23,black
42,94,yellow
74,76,black
34,38,black
53,68,yellow
68,92,yellow
87,59,yellow
12,55,yellow
39,89,yellow
67,25,black
24,91,yellow
57,60,yellow
77,38,black
11,99,yellow
61,37,black
42,17,black
59,54,yellow
7,76,yellow
24,73,black
83,47,yellow
38,17,black
75,63,yellow
71,99,yellow
21,70,yellow
31,95,yellow
2,76,yellow
35,99,yellow
55,55,yellow
71,69,yellow
2,13,yellow
16,0,yellow
99,96,yellow
90,27,yellow
51,78,yellow
5,37,yellow
20,35,black
5,43,yellow
10,94,yellow
28,12,yellow
40,98,yellow
53,4,yellow
31,46,yellow
51,91,yellow
34,5,yellow
14,54,yellow
96,91,yellow
29,17,black
72,9,yellow
51,69,yellow
91,64,yellow
20,75,yellow
0,17,yellow
4,60,yellow
85,40,yellow
98,81,yellow
41,19,black
11,20,yellow
94,8,yellow
18,92,yellow
31,99,yellow
66,60,yellow
76,82,black
54,0,yellow
70,98,yellow
4,91,yellow
85,78,yellow
83,69,yellow
11,42,yellow
73,17,yellow
91,19,yellow
64,37,black
88,48,yellow
42,49,yellow
98,54,yellow
68,43,yellow
39,90,yellow
51,77,yellow
3,86,yellow
81,80,yellow
98,13,yellow
65,38,black
87,5,yellow
92,79,yellow
55,46,yellow
59,13,black
29,35,black
80,20,yellow
30,81,black
60,18,black
88,85,yellow
35,41,yellow
12,67,yellow
78,46,yellow
13,29,yellow
51,19,black
78,63,yellow
3,40,yellow
82,66,yellow
92,42,yellow
82,24,yellow
57,25,black
56,69,yellow
40,12,black
93,52,yellow
27,15,yellow
2,51,yellow
70,77,black
69,92,yellow
82,22,yellow
58,31,black
28,42,yellow
52,64,yellow
95,17,yellow
13,67,yellow
13,63,yellow
25,41,yellow
80,45,yellow
86,35,yellow
31,97,yellow
37,29,black
83,17,yellow
77,70,yellow
30,7,yellow
50,57,yellow
21,11,yellow
12,97,yellow
33,62,yellow
22,41,yellow
90,54,yellow
80,51,yellow
6,7,yellow
34,19,black
71,8,yellow
58,80,yellow
77,76,black
10,92,yellow
84,85,yellow
66,36,black
1,20,yellow
5,82,yellow
40,52,yellow
21,42,yellow
44,89,yellow
3,50,yellow
73,24,black
58,42,yellow
96,38,yellow
84,97,yellow
32,23,black
94,11,yellow
35,12,yellow
76,67,yellow
1,83,yellow
0,87,yellow
11,51,yellow
67,16,black
88,14,yellow
46,56,yellow
13,35,yellow
11,9,yellow
14,97,yellow
87,21,yellow
31,94,yellow
33,66,yellow
17,55,yellow
7,81,yellow
91,13,yellow
82,95,yellow
94,32,yellow
82,83,yellow
41,70,yellow
85,71,yellow
99,44,yellow
65,17,black
25,82,black
68,45,yellow
33,77,black
23,64,yellow
47,21,black
14,10,yellow
75,23,black
54,85,yellow
11,54,yellow
95,20,yellow
59,74,yellow
13,17,yellow
78,9,yellow
96,3,yellow
86,37,yellow
52,98,yellow
90,78,yellow
52,26,black
38,52,yellow
66,21,black
15,21,yellow
82,58,yellow
38,84,black
31,26,black
95,37,yellow
17,68,yellow
5,11,yellow
41,18,black
88,60,yellow
21,59,yellow
11,25,yellow
86,32,yellow
1,33,yellow
13,78,yellow
51,6,yellow
81,39,black
74,75,black
75,48,yellow
37,88,yellow
65,80,black
57,93,yellow
23,20,yellow
26,75,black
59,82,yellow
90,61,yellow
9,3,yellow
80,60,yellow
12,98,yellow
34,54,yellow
13,91,yellow
31,41,yellow
27,20,black
46,75,yellow
94,45,yellow
12,7,yellow
4,59,yellow
92,25,yellow
23,37,black
56,84,yellow
58,29,black
57,91,yellow
81,78,yellow
51,87,yellow
44,1,yellow
26,58,yellow
81,42,yellow
59,55,yellow
83,94,yellow
21,83,black
95,82,yellow
27,98,yellow
89,73,yellow
96,47,yellow
85,88,yellow
40,11,black
33,69,yellow
27,83,black
29,6,yellow
89,89,yellow
42,60,yellow
23,95,yellow
94,10,yellow
91,41,yellow
59,19,black
8,21,yellow
9,81,yellow
87,9,yellow
5,34,yellow
94,2,yellow
70,45,yellow
9,96,yellow
82,75,yellow
80,49,yellow
84,75,yellow
11,57,yellow
6,99,yellow
87,92,yellow
77,39,black
37,62,yellow
6,21,yellow
97,85,yellow
33,57,yellow
7,72,yellow
18,41,yellow
85,35,yellow
98,58,yellow
29,89,black
14,83,yellow
80,50,yellow
86,40,yellow
18,8,yellow
97,20,yellow
39,8,yellow
56,94,yellow
5,53,yellow
61,10,yellow
94,26,yellow
34,83,black
33,81,black
80,62,yellow
14,42,yellow
86,67,yellow
22,3,yellow
51,68,yellow
57,65,yellow
93,89,yellow
7,52,yellow
25,40,yellow
67,15,black
89,87,yellow
57,96,yellow
4,42,yellow
26,46,yellow
24,80,black
11,17,yellow
46,77,yellow
66,81,black
10,52,yellow
12,26,yellow
67,41,yellow
54,96,yellow
89,58,yellow
99,91,yellow
19,47,yellow
36,26,black
35,73,black
20,54,yellow
5,4,yellow
88,13,yellow
56,43,yellow
55,60,yellow
66,7,yellow
58,62,yellow
41,21,black
51,79,yellow
89,39,yellow
65,57,yellow
67,69,yellow
64,63,yellow
16,9,yellow
58,52,yellow
20,68,yellow
35,20,black
31,47,yellow
70,95,yellow
43,36,black
86,13,yellow
33,11,yellow
31,56,yellow
25,68,yellow
81,89,yellow
11,79,yellow
94,46,yellow
65,4,yellow
82,23,yellow
39,16,black
48,71,yellow
0,53,yellow
42,95,yellow
69,96,yellow
97,49,yellow
72,40,yellow
46,99,yellow
46,71,yellow
94,87,yellow
68,55,yellow
70,40,yellow
85,67,yellow
55,76,yellow
94,82,yellow
5,19,yellow
37,69,yellow
7,66,yellow
54,71,yellow
8,92,yellow
69,95,yellow
9,75,yellow
50,95,yellow
57,46,yellow
35,66,yellow
36,16,black
29,40,yellow
60,50,yellow
71,63,yellow
26,92,yellow
47,13,black
23,1,yellow
99,24,yellow
99,97,yellow
3,3,yellow
48,99,yellow
36,80,black
15,87,yellow
63,92,yellow
88,99,yellow
93,44,yellow
61,5,yellow
44,65,yellow
19,28,yellow
57,17,black
6,46,yellow
9,85,yellow
88,92,yellow
79,41,yellow
58,13,black
26,72,black
74,12,yellow
40,23,black
53,99,yellow
20,56,yellow
19,52,yellow
37,85,black
95,64,yellow
33,41,yellow
57,11,black
2,69,yellow
34,61,yellow
13,4,yellow
97,36,yellow
36,56,yellow
86,42,yellow
83,23,yellow
68,28,black
73,37,black
52,79,yellow
88,84,yellow
90,91,yellow
49,34,black
37,71,yellow
42,97,yellow
78,23,yellow
52,88,yellow
25,79,black
76,57,yellow
21,5,yellow
85,36,yellow
53,95,yellow
35,28,black
88,12,yellow
60,74,yellow
61,95,yellow
34,70,yellow
42,76,yellow
44,66,yellow
42,80,yellow
85,53,yellow
57,68,yellow
42,58,yellow
21,57,yellow
74,65,yellow
43,80,yellow
67,72,black
79,21,yellow
59,53,yellow
19,3,yellow
56,25,black
45,85,yellow
2,93,yellow
11,18,yellow
48,67,yellow
5,7,yellow
28,45,yellow
69,35,black
34,66,yellow
9,99,yellow
99,87,yellow
78,69,yellow
74,40,yellow
94,5,yellow
12,76,yellow
26,87,black
62,7,yellow
48,90,yellow
43,99,yellow
62,65,yellow
28,84,black
21,62,yellow
26,80,black
38,55,yellow
77,45,yellow
62,87,yellow
14,41,yellow
28,51,yellow
67,6,yellow
44,44,yellow
0,37,yellow
99,52,yellow
52,32,black
20,51,yellow
58,44,yellow
24,10,yellow
55,48,yellow
17,75,yellow
20,49,yellow
24,67,yellow
29,93,yellow
7,68,yellow
87,38,yellow
97,61,yellow
71,15,yellow
52,46,yellow
42,46,yellow
9,54,yellow
36,72,black
78,12,yellow
89,42,yellow
11,11,yellow
85,8,yellow
13,66,yellow
86,22,yellow
38,39,black
71,61,yellow
78,84,black
79,6,yellow
2,39,yellow
12,0,yellow
1,62,yellow
40,33,black
80,48,yellow
83,63,yellow
44,81,yellow
14,51,yellow
92,99,yellow
81,19,yellow
29,63,yellow
29,55,yellow
19,27,yellow
3,5,yellow
31,52,yellow
35,75,black
3,34,yellow
39,82,black
89,16,yellow
12,87,yellow
45,63,yellow
95,16,yellow
77,4,yellow
77,43,yellow
8,58,yellow
84,69,yellow
12,89,yellow
9,6,yellow
46,22,black
76,7,yellow
98,33,yellow
77,94,yellow
82,28,yellow
8,64,yellow
84,36,yellow
39,54,yellow
94,64,yellow
70,21,black
11,48,yellow
48,87,yellow
56,2,yellow
38,13,black
55,59,yellow
72,58,yellow
34,84,black
43,49,yellow
93,11,yellow
5,18,yellow
4,22,yellow
76,16,yellow
39,53,yellow
15,84,yellow
93,76,yellow
3,74,yellow
61,88,yellow
29,4,yellow
4,5,yellow
50,10,black
19,65,yellow
38,73,yellow
60,52,yellow
92,55,yellow
59,30,black
82,84,yellow
23,89,yellow
31,74,black
28,85,black
59,49,yellow
82,59,yellow
97,19,yellow
69,76,black
22,93,yellow
63,25,black
95,35,yellow
66,4,yellow
26,83,black
44,70,yellow
8,40,yellow
12,31,yellow
35,36,black
94,34,yellow
75,17,yellow
72,5,yellow
52,56,yellow
41,61,yellow
97,28,yellow
73,22,black
75,91,yellow
32,56,yellow
55,22,black
28,15,yellow
39,68,yellow
57,29,black
30,11,yellow
73,73,black
76,78,black
62,15,black
40,21,black
82,42,yellow
10,78,yellow
46,32,black
19,13,yellow
75,50,yellow
54,55,yellow
49,52,yellow
69,94,yellow
67,91,yellow
58,10,black
90,3,yellow
71,39,black
58,32,black
59,16,black
23,3,yellow
11,30,yellow
71,59,yellow
34,52,yellow
58,16,black
40,29,black
39,24,black
54,80,yellow
54,90,yellow
65,5,yellow
7,54,yellow
39,96,yellow
4,41,yellow
20,81,yellow
47,35,black
19,40,yellow
64,27,black
79,33,black
9,21,yellow
31,33,black
50,85,yellow
64,73,black
32,39,black
63,44,yellow
95,8,yellow
79,11,yellow
6,11,yellow
69,55,yellow
44,3,yellow
87,41,yellow
40,85,yellow
76,74,black
58,35,black
20,2,yellow
77,68,yellow
89,76,yellow
40,38,black
64,51,yellow
61,42,yellow
47,56,yellow
16,8,yellow
37,60,yellow
1,97,yellow
52,76,yellow
4,26,yellow
92,59,yellow
67,45,yellow
70,44,yellow
63,97,yellow
30,41,yellow
63,87,black
68,38,black
20,91,yellow
52,0,yellow
44,51,yellow
37,55,yellow
87,27,yellow
37,23,black
57,69,yellow
9,10,yellow
14,36,yellow
61,52,yellow
82,6,yellow
53,21,black
36,85,black
7,98,yellow
76,23,black
97,54,yellow
42,81,yellow
10,23,yellow
40,95,yellow
41,9,yellow
94,65,yellow
14,3,yellow
49,36,black
81,56,yellow
3,42,yellow
55,4,yellow
53,33,black
16,73,yellow
36,23,black
51,2,yellow
39,12,black
64,67,yellow
81,49,yellow
41,27,black
36,32,black
5,69,yellow
89,66,yellow
3,64,yellow
66,28,black
8,90,yellow
45,94,yellow
57,32,black
98,43,yellow
74,5,yellow
7,64,yellow
42,53,yellow
83,70,yellow
77,64,yellow
45,44,yellow
5,6,yellow
43,68,yellow
57,56,yellow
23,15,yellow
86,90,yellow
64,77,black
70,22,black
43,98,yellow
94,38,yellow
28,83,black
84,0,yellow
29,19,black
42,92,yellow
43,24,black
50,70,yellow
33,17,black
45,38,black
5,50,yellow
29,67,yellow
0,62,yellow
46,59,yellow
59,59,yellow
45,81,yellow
43,52,yellow
51,72,yellow
64,18,black
28,23,black
22,8,yellow
8,71,yellow
92,40,yellow
50,17,black
51,96,yellow
56,72,yellow
26,51,yellow
67,92,yellow
27,66,yellow
47,82,yellow
49,18,black
86,19,yellow
45,58,yellow
85,86,yellow
36,84,black
90,56,yellow
47,89,yellow
99,49,yellow
41,98,yellow
42,57,yellow
94,90,yellow
79,79,black
56,17,black
72,32,black
1,37,yellow
92,45,yellow
86,91,yellow
27,73,black
90,42,yellow
74,63,yellow
94,73,yellow
91,70,yellow
19,62,yellow
35,57,yellow
51,50,yellow
85,55,yellow
51,34,black
49,87,yellow
44,83,yellow
5,40,yellow
0,50,yellow
17,87,yellow
48,66,yellow
17,53,yellow
30,0,yellow
33,95,yellow
32,51,yellow
94,85,yellow
50,75,yellow
27,27,black
33,48,yellow
58,50,yellow
3,4,yellow
55,47,yellow
41,92,yellow
79,50,yellow
25,54,yellow
95,76,yellow
9,16,yellow
0,67,yellow
90,96,yellow
35,39,black
85,76,yellow
42,42,yellow
53,88,yellow
49,25,black
29,74,black
58,61,yellow
5,36,yellow
51,58,yellow
49,28,black
94,84,yellow
21,51,yellow
97,82,yellow
30,9,yellow
73,42,yellow
19,5,yellow
29,75,black
51,74,yellow
91,96,yellow
14,11,yellow
43,34,black
84,33,yellow
99,5,yellow
89,74,yellow
13,82,yellow
9,89,yellow
27,38,black
63,90,yellow
88,44,yellow
93,29,yellow
83,16,yellow
28,7,yellow
22,7,yellow
7,44,yellow
4,72,yellow
12,68,yellow
6,74,yellow
83,81,yellow
60,75,yellow
24,8,yellow
65,37,black
65,56,yellow
15,8,yellow
41,63,yellow
75,60,yellow
8,1,yellow
53,42,yellow
11,83,yellow
28,57,yellow
99,92,yellow
78,59,yellow
13,22,yellow
43,45,yellow
79,97,yellow
34,56,yellow
78,64,yellow
18,52,yellow
99,12,yellow
95,60,yellow
91,9,yellow
32,49,yellow
29,23,black
52,62,yellow
80,78,yellow
0,54,yellow
1,21,yellow
22,14,yellow
73,96,yellow
34,23,black
36,49,yellow
14,85,yellow
26,52,yellow
2,53,yellow
51,59,yellow
89,50,yellow
55,89,yellow
90,75,yellow
22,27,black
1,93,yellow
80,92,yellow
17,31,yellow
33,80,black
68,93,yellow
91,26,yellow
76,86,black
79,94,yellow
85,41,yellow
58,90,yellow
96,13,yellow
59,32,black
31,89,black
91,25,yellow
74,15,yellow
26,43,yellow
37,58,yellow
18,47,yellow
26,88,black
59,63,yellow
45,78,yellow
51,27,black
83,75,yellow
94,86,yellow
84,27,yellow
19,33,yellow
72,41,yellow
27,71,black
60,48,yellow
80,83,yellow
3,29,yellow
44,80,yellow
47,37,black
98,20,yellow
90,31,yellow
23,44,yellow
78,90,yellow
0,22,yellow
69,44,yellow
17,74,yellow
26,7,yellow
30,43,yellow
86,66,yellow
16,95,yellow
85,37,yellow
93,87,yellow
8,94,yellow
20,5,yellow
35,56,yellow
61,19,black
13,50,yellow
17,66,yellow
34,28,black
1,44,yellow
18,37,yellow
64,20,black
75,9,yellow
82,63,yellow
64,59,yellow
59,31,black
23,32,black
13,51,yellow
6,60,yellow
52,7,yellow
62,38,black
2,68,yellow
74,14,yellow
7,17,yellow
75,22,black
76,28,black
92,54,yellow
8,44,yellow
44,58,yellow
27,6,yellow
58,95,yellow
75,52,yellow
72,10,yellow
11,65,yellow
66,82,black
78,35,black
12,45,yellow
58,4,yellow
18,58,yellow
70,88,black
49,11,black
1,34,yellow
22,65,yellow
95,89,yellow
72,12,yellow
96,23,yellow
86,93,yellow
30,49,yellow
75,64,yellow
27,47,yellow
95,98,yellow
6,63,yellow
8,84,yellow
89,12,yellow
14,30,yellow
58,6,yellow
5,28,yellow
18,38,yellow
38,12,black
91,77,yellow
31,29,black
11,78,yellow
0,97,yellow
53,72,yellow
57,13,black
86,3,yellow
6,41,yellow
61,71,yellow
40,67,yellow
47,65,yellow
80,11,yellow
64,39,black
39,28,black
26,56,yellow
19,71,yellow
72,91,yellow
18,22,yellow
94,30,yellow
60,9,yellow
9,41,yellow
85,30,yellow
60,44,yellow
83,40,yellow
95,84,yellow
27,95,yellow
46,30,black
13,8,yellow
25,52,yellow
86,9,yellow
29,47,yellow
8,47,yellow
44,30,black
73,90,yellow
72,84,black
99,30,yellow
84,16,yellow
73,39,black
43,47,yellow
67,54,yellow
2,57,yellow
5,25,yellow
26,38,black
81,53,yellow
27,61,yellow
79,44,yellow
61,9,yellow
54,13,black
45,67,yellow
83,28,yellow
62,61,yellow
66,87,black
69,72,black
53,1,yellow
70,0,yellow
60,1,yellow
42,66,yellow
70,84,black
31,17,black
44,34,black
46,35,black
22,34,black
83,26,yellow
90,21,yellow
97,42,yellow
21,21,yellow
92,11,yellow
99,33,yellow
51,0,yellow
67,40,yellow
38,76,black
33,89,black
40,57,yellow
62,49,yellow
62,27,black
20,85,yellow
80,64,yellow
64,28,black
37,27,black
42,44,yellow
27,13,yellow
16,32,yellow
81,41,yellow
91,83,yellow
89,54,yellow
96,99,yellow
41,20,black
26,60,yellow
54,70,yellow
75,34,black
29,8,yellow
33,94,yellow
18,6,yellow
32,97,yellow
84,79,yellow
75,30,black
25,23,black
38,34,black
28,39,black
15,35,yellow
35,72,black
69,45,yellow
43,31,black
11,14,yellow
77,3,yellow
67,93,yellow
93,69,yellow
84,9,yellow
49,20,black
30,27,black
59,88,yellow
46,4,yellow
13,76,yellow
86,39,yellow
70,63,yellow
7,86,yellow
32,74,black
9,34,yellow
75,67,yellow
6,65,yellow
14,98,yellow
16,12,yellow
86,89,yellow
80,80,black
53,39,black
58,33,black
80,43,yellow
78,58,yellow
71,56,yellow
91,58,yellow
0,4,yellow
15,40,yellow
52,45,yellow
58,19,black
37,59,yellow
0,30,yellow
67,33,black
10,14,yellow
84,81,yellow
24,56,yellow
13,72,yellow
69,4,yellow
12,75,yellow
60,19,black
47,59,yellow
33,9,yellow
71,95,yellow
37,64,yellow
2,22,yellow
57,66,yellow
32,12,yellow
26,62,yellow
99,14,yellow
92,94,yellow
64,21,black
18,25,yellow
38,90,yellow
66,9,yellow
85,51,yellow
89,88,yellow
16,70,yellow
25,72,black
74,43,yellow
36,76,black
77,85,black
31,35,black
79,24,yellow
18,40,yellow
35,29,black
2,33,yellow
36,0,yellow
63,18,black
61,50,yellow
67,34,black
6,69,yellow
21,60,yellow
12,11,yellow
67,0,yellow
8,87,yellow
85,33,yellow
90,1,yellow
31,1,yellow
9,22,yellow
8,33,yellow
33,46,yellow
82,54,yellow
17,33,yellow
37,1,yellow
75,73,black
45,47,yellow
36,11,yellow
70,99,yellow
58,63,yellow
55,19,black
79,14,yellow
94,92,yellow
42,73,yellow
65,3,yellow
16,91,yellow
88,88,yellow
20,27,yellow
37,40,yellow
31,91,yellow
82,49,yellow
78,25,yellow
20,33,black
87,26,yellow
58,77,yellow
49,67,yellow
12,4,yellow
89,20,yellow
18,27,yellow
72,70,yellow
25,16,yellow
6,27,yellow
17,59,yellow
3,60,yellow
19,95,yellow
63,62,yellow
87,12,yellow
72,49,yellow
38,80,black
18,9,yellow
85,59,yellow
19,4,yellow
72,50,yellow
4,80,yellow
89,46,yellow
9,88,yellow
90,65,yellow
95,94,yellow
96,26,yellow
92,80,yellow
95,40,yellow
66,97,yellow
53,48,yellow
87,61,yellow
10,8,yellow
90,73,yellow
55,18,black
72,35,black
44,23,black
18,76,yellow
94,80,yellow
12,84,yellow
5,22,yellow
70,23,black
13,57,yellow
47,64,yellow
11,74,yellow
40,19,black
70,2,yellow
72,0,yellow
40,28,black
24,41,yellow
50,42,yellow
35,30,black
38,30,black
36,37,black
42,24,black
43,46,yellow
40,39,black
22,74,black
3,43,yellow
68,51,yellow
3,39,yellow
18,31,yellow
15,36,yellow
6,96,yellow
31,38,black
39,73,yellow
27,72,black
60,6,yellow
88,27,yellow
75,84,black
41,1,yellow
88,65,yellow
98,85,yellow
51,26,black
84,31,yellow
73,83,black
53,14,black
27,85,black
1,43,yellow
49,4,yellow
55,20,black
32,61,yellow
25,69,yellow
48,23,black
92,86,yellow
92,92,yellow
40,53,yellow
36,27,black
12,5,yellow
49,16,black
62,63,yellow
22,83,black
96,79,yellow
23,21,yellow
97,89,yellow
76,0,yellow
80,0,yellow
76,52,yellow
47,77,yellow
31,87,black
64,7,yellow
56,12,black
93,2,yellow
70,75,black
96,2,yellow
55,25,black
2,48,yellow
4,75,yellow
64,16,black
0,41,yellow
50,78,yellow
15,51,yellow
64,15,black
26,47,yellow
43,14,black
42,40,yellow
93,66,yellow
57,14,black
61,63,yellow
88,69,yellow
3,67,yellow
67,98,yellow
64,84,black
32,46,yellow
38,78,black
83,72,yellow
77,93,yellow
72,99,yellow
29,54,yellow
34,46,yellow
90,10,yellow
63,22,black
70,25,black
23,84,black
54,81,yellow
33,83,black
62,24,black
44,10,black
31,84,black
45,72,yellow
83,12,yellow
75,29,black
45,54,yellow
74,60,yellow
15,4,yellow
44,9,black
30,61,yellow
9,68,yellow
69,16,black
92,81,yellow
79,49,yellow
66,11,yellow
68,72,black
60,93,yellow
78,71,yellow
76,95,yellow
48,58,yellow
95,70,yellow
57,74,yellow
38,23,black
84,91,yellow
51,3,yellow
55,90,yellow
41,89,yellow
60,71,yellow
95,2,yellow
28,46,yellow
5,39,yellow
78,72,yellow
19,81,yellow
51,12,black
85,84,yellow
22,24,yellow
10,22,yellow
33,85,black
77,17,yellow
27,93,yellow
53,45,yellow
22,9,yellow
77,56,yellow
39,51,yellow
60,3,yellow
18,99,yellow
63,1,yellow
40,26,black
88,50,yellow
87,47,yellow
71,73,black
88,45,yellow
20,74,yellow
67,46,yellow
57,44,yellow
17,46,yellow
88,7,yellow
34,45,yellow
23,71,yellow
28,14,yellow
48,26,black
32,78,black
38,6,yellow
0,75,yellow
0,78,yellow
81,62,yellow
52,21,black
77,57,yellow
30,75,black
8,50,yellow
27,35,black
70,17,black
48,37,black
52,15,black
31,72,black
91,63,yellow
94,35,yellow
99,4,yellow
46,70,yellow
21,72,yellow
16,59,yellow
53,67,yellow
44,40,yellow
84,30,yellow
40,92,yellow
9,70,yellow
91,61,yellow
31,3,yellow
86,84,yellow
85,58,yellow
67,70,yellow
2,52,yellow
26,93,yellow
35,23,black
91,65,yellow
31,12,yellow
37,10,yellow
27,40,yellow
21,33,black
21,48,yellow
95,44,yellow
1,18,yellow
90,71,yellow
61,46,yellow
31,85,black
15,61,yellow
70,5,yellow
43,32,black
50,98,yellow
94,41,yellow
43,61,yellow
16,28,yellow
94,47,yellow
78,61,yellow
66,72,black
27,53,yellow
39,78,black
96,51,yellow
3,26,yellow
5,5,yellow
25,74,black
41,3,yellow
84,6,yellow
87,76,yellow
15,18,yellow
28,90,yellow
96,21,yellow
68,12,yellow
93,95,yellow
25,10,yellow
57,30,black
29,33,black
77,30,black
35,90,yellow
78,68,yellow
5,74,yellow
85,60,yellow
6,68,yellow
34,0,yellow
33,16,black
36,33,black
51,61,yellow
30,29,black
86,60,yellow
3,59,yellow
86,70,yellow
87,96,yellow
5,13,yellow
95,15,yellow
19,51,yellow
38,28,black
24,53,yellow
67,64,yellow
87,65,yellow
99,45,yellow
98,3,yellow
25,13,yellow
19,91,yellow
75,37,black
53,35,black
28,97,yellow
37,51,yellow
98,34,yellow
6,66,yellow
45,1,yellow
74,94,yellow
38,93,yellow
59,12,black
90,68,yellow
94,98,yellow
16,11,yellow
56,4,yellow
49,61,yellow
36,83,black
98,75,yellow
34,4,yellow
6,20,yellow
60,12,black
40,82,yellow
62,69,yellow
5,83,yellow
58,28,black
4,32,yellow
7,75,yellow
76,18,yellow
70,93,yellow
84,45,yellow
83,53,yellow
46,27,black
30,79,black
46,29,black
75,75,black
95,97,yellow
60,21,black
43,91,yellow
67,2,yellow
4,35,yellow
29,69,yellow
79,55,yellow
16,33,yellow
43,1,yellow
54,87,yellow
74,62,yellow
6,51,yellow
13,28,yellow
14,18,yellow
62,98,yellow
89,29,yellow
43,50,yellow
93,83,yellow
97,83,yellow
0,47,yellow
65,31,black
36,46,yellow
15,45,yellow
99,11,yellow
96,48,yellow
91,56,yellow
41,31,black
74,53,yellow
91,6,yellow
0,73,yellow
8,22,yellow
19,58,yellow
92,48,yellow
99,40,yellow
54,4,yellow
30,95,yellow
90,16,yellow
29,29,black
53,51,yellow
42,33,black
37,8,yellow
7,18,yellow
27,30,black
79,10,yellow
16,72,yellow
16,76,yellow
92,19,yellow
28,49,yellow
56,55,yellow
84,57,yellow
44,21,black
0,0,yellow
37,74,black
66,8,yellow
11,91,yellow
53,79,yellow
80,65,yellow
44,97,yellow
97,98,yellow
2,46,yellow
22,99,yellow
41,87,yellow
54,7,yellow
10,25,yellow
48,47,yellow
85,93,yellow
69,90,yellow
41,13,black
78,20,yellow
57,98,yellow
54,92,yellow
34,33,black
12,71,yellow
60,49,yellow
19,84,yellow
93,57,yellow
62,74,black
47,88,yellow
58,49,yellow
57,26,black
13,79,yellow
76,59,yellow
59,29,black
77,26,black
24,15,yellow
37,28,black
51,45,yellow
44,2,yellow
11,40,yellow
29,34,black
7,3,yellow
18,56,yellow
96,22,yellow
57,76,yellow
15,76,yellow
62,99,yellow
58,58,yellow
42,19,black
40,54,yellow
87,13,yellow
4,36,yellow
88,59,yellow
86,18,yellow
59,61,yellow
14,13,yellow
84,11,yellow
68,83,black
16,67,yellow
21,75,yellow
61,79,black
9,69,yellow
16,71,yellow
87,22,yellow
99,54,yellow
10,55,yellow
79,61,yellow
40,55,yellow
21,84,black
61,84,black
62,41,yellow
43,89,yellow
58,55,yellow
54,12,black
45,34,black
22,0,yellow
22,94,yellow
67,12,yellow
85,12,yellow
0,81,yellow
8,88,yellow
98,39,yellow
82,25,yellow
29,42,yellow
96,67,yellow
82,2,yellow
97,44,yellow
68,39,black
12,85,yellow
27,36,black
57,79,yellow
97,24,yellow
53,65,yellow
89,32,yellow
6,43,yellow
96,74,yellow
8,81,yellow
4,88,yellow
94,24,yellow
49,42,yellow
2,50,yellow
25,70,yellow
50,68,yellow
69,33,black
40,56,yellow
78,82,black
5,81,yellow
1,94,yellow
62,11,black
6,88,yellow
13,97,yellow
84,46,yellow
32,22,black
79,30,black
79,29,black
95,36,yellow
32,0,yellow
99,75,yellow
94,29,yellow
36,82,black
83,59,yellow
86,0,yellow
36,94,yellow
37,21,black
32,16,black
62,84,black
75,79,black
27,46,yellow
1,28,yellow
10,10,yellow
80,52,yellow
46,9,black
34,82,black
53,15,black
46,28,black
4,92,yellow
87,44,yellow
17,4,yellow
76,81,black
85,72,yellow
28,78,black
58,9,yellow
15,16,yellow
75,45,yellow
30,33,black
36,6,yellow
56,53,yellow
31,4,yellow
90,63,yellow
56,97,yellow
13,86,yellow
48,73,yellow
11,98,yellow
58,75,yellow
39,98,yellow
43,16,black
30,10,yellow
46,36,black
18,10,yellow
55,35,black
89,91,yellow
58,11,black
95,57,yellow
91,4,yellow
79,5,yellow
96,55,yellow
15,44,yellow
94,37,yellow
5,67,yellow
23,31,black
82,40,yellow
53,70,yellow
7,25,yellow
69,62,yellow
22,30,black
85,10,yellow
49,68,yellow
60,88,yellow
23,88,yellow
65,99,yellow
9,23,yellow
34,51,yellow
93,1,yellow
80,1,yellow
30,87,black
96,8,yellow
15,3,yellow
27,41,yellow
45,17,black
71,42,yellow
4,55,yellow
25,98,yellow
55,1,yellow
81,23,yellow
87,43,yellow
72,34,black
37,89,yellow
5,75,yellow
67,21,black
92,52,yellow
10,66,yellow
55,30,black
84,32,yellow
76,37,black
17,98,yellow
63,56,yellow
77,12,yellow
8,24,yellow
1,90,yellow
1,25,yellow
76,39,black
6,83,yellow
78,94,yellow
65,82,black
17,45,yellow
35,76,black
17,48,yellow
12,18,yellow
88,31,yellow
97,47,yellow
95,38,yellow
78,18,yellow
81,95,yellow
38,20,black
75,31,black
75,12,yellow
12,16,yellow
62,39,black
32,1,yellow
36,10,yellow
36,36,black
76,75,black
33,93,yellow
27,59,yellow
11,97,yellow
29,22,black
14,88,yellow
26,91,yellow
92,64,yellow
97,72,yellow
6,49,yellow
58,84,yellow
57,95,yellow
70,4,yellow
72,24,black
98,44,yellow
52,53,yellow
92,60,yellow
56,48,yellow
31,9,yellow
30,40,yellow
70,83,black
59,80,yellow
7,95,yellow
74,46,yellow
95,71,yellow
97,48,yellow
5,51,yellow
48,50,yellow
44,39,black
59,71,yellow
60,86,yellow
4,40,yellow
89,26,yellow
18,78,yellow
1,15,yellow
46,0,yellow
67,99,yellow
42,93,yellow
24,78,black
0,85,yellow
83,73,yellow
40,87,yellow
33,30,black
15,93,yellow
84,87,yellow
14,92,yellow
78,48,yellow
44,56,yellow
89,17,yellow
82,74,yellow
83,74,yellow
45,51,yellow
56,59,yellow
94,81,yellow
64,33,black
69,38,black
84,54,yellow
63,32,black
26,16,yellow
42,14,black
83,78,yellow
45,14,black
69,18,black
88,95,yellow
8,82,yellow
71,66,yellow
44,0,yellow
20,70,yellow
35,50,yellow
8,52,yellow
56,22,black
70,37,black
72,17,yellow
48,70,yellow
83,57,yellow
48,5,yellow
73,14,yellow
22,5,yellow
91,2,yellow
44,14,black
60,82,yellow
19,6,yellow
11,34,yellow
16,94,yellow
92,33,yellow
10,71,yellow
0,80,yellow
83,33,yellow
51,21,black
61,28,black
86,4,yellow
14,78,yellow
41,36,black
23,93,yellow
1,31,yellow
14,73,yellow
45,95,yellow
58,66,yellow
26,67,yellow
20,71,yellow
31,76,black
45,55,yellow
78,75,black
3,0,yellow
15,72,yellow
59,14,black
13,20,yellow
92,96,yellow
49,97,yellow
44,5,yellow
23,51,yellow
80,84,yellow
62,50,yellow
17,73,yellow
94,21,yellow
50,32,black
23,30,black
3,51,yellow
13,21,yellow
11,70,yellow
9,8,yellow
77,75,black
81,64,yellow
9,36,yellow
35,5,yellow
73,28,black
84,17,yellow
83,49,yellow
81,96,yellow
88,96,yellow
27,2,yellow
53,38,black
78,92,yellow
7,9,yellow
87,17,yellow
93,15,yellow
98,62,yellow
75,27,black
7,37,yellow
84,7,yellow
14,53,yellow
61,17,black
73,51,yellow
64,89,yellow
92,51,yellow
18,60,yellow
24,88,black
16,37,yellow
87,53,yellow
41,45,yellow
92,41,yellow
43,10,black
48,9,black
57,34,black
7,42,yellow
61,21,black
23,28,black
10,43,yellow
70,35,black
20,6,yellow
75,13,yellow
11,3,yellow
17,16,yellow
31,57,yellow
28,76,black
71,36,black
10,49,yellow
7,59,yellow
23,54,yellow
15,10,yellow
29,88,black
67,43,yellow
87,93,yellow
32,71,black
66,29,black
29,45,yellow
24,71,yellow
31,80,black
48,18,black
0,88,yellow
14,39,yellow
65,90,yellow
75,21,black
32,15,black
22,77,black
21,37,black
7,41,yellow
93,39,yellow
3,6,yellow
85,83,yellow
81,75,yellow
99,18,yellow
6,19,yellow
79,37,black
46,60,yellow
79,65,yellow
49,47,yellow
24,68,yellow
13,1,yellow
76,44,yellow
61,3,yellow
14,21,yellow
9,39,yellow
53,80,yellow
66,41,yellow
54,94,yellow
46,79,yellow
25,67,yellow
38,14,black
69,24,black
34,88,black
92,15,yellow
92,30,yellow
63,64,yellow
3,11,yellow
19,76,yellow
24,92,yellow
98,22,yellow
2,58,yellow
41,93,yellow
40,44,yellow
3,81,yellow
82,21,yellow
78,11,yellow
11,68,yellow
90,15,yellow
16,97,yellow
48,76,yellow
10,63,yellow
88,93,yellow
22,2,yellow
73,2,yellow
61,16,black
45,43,yellow
73,16,yellow
42,86,yellow
31,42,yellow
57,1,yellow
96,25,yellow
10,54,yellow
27,7,yellow
53,50,yellow
92,50,yellow
33,90,yellow
86,57,yellow
73,6,yellow
51,4,yellow
30,37,black
99,76,yellow
12,9,yellow
18,94,yellow
83,96,yellow
10,44,yellow
11,92,yellow
92,2,yellow
41,30,black
69,49,yellow
51,44,yellow
57,85,yellow
38,58,yellow
71,3,yellow
29,13,yellow
98,99,yellow
32,40,yellow
25,62,yellow
67,9,yellow
72,92,yellow
28,73,black
37,52,yellow
6,45,yellow
14,75,yellow
60,24,black
15,83,yellow
91,18,yellow
19,8,yellow
40,71,yellow
82,94,yellow
43,81,yellow
38,18,black
4,6,yellow
14,33,yellow
75,85,black
81,43,yellow
40,73,yellow
51,38,black
84,89,yellow
3,20,yellow
35,44,yellow
16,21,yellow
24,44,yellow
29,2,yellow
4,57,yellow
44,19,black
20,12,yellow
7,46,yellow
84,99,yellow
71,0,yellow
76,36,black
8,75,yellow
29,32,black
73,27,black
43,4,yellow
43,55,yellow
95,12,yellow
34,30,black
58,94,yellow
79,92,yellow
63,67,yellow
15,5,yellow
41,97,yellow
1,89,yellow
85,98,yellow
75,82,black
75,44,yellow
68,58,yellow
12,57,yellow
44,76,yellow
29,85,black
87,3,yellow
42,96,yellow
1,71,yellow
58,64,yellow
24,14,yellow
72,79,black
37,0,yellow
6,37,yellow
42,16,black
29,9,yellow
62,82,black
85,54,yellow
52,96,yellow
41,53,yellow
41,67,yellow
91,94,yellow
78,6,yellow
37,7,yellow
41,39,black
68,70,yellow
95,18,yellow
12,8,yellow
8,54,yellow
21,46,yellow
38,45,yellow
73,25,black
54,9,black
13,7,yellow
7,12,yellow
15,98,yellow
81,12,yellow
98,26,yellow
76,91,yellow
30,50,yellow
39,20,black
52,41,yellow
43,82,yellow
18,28,yellow
96,94,yellow
93,55,yellow
75,96,yellow
82,38,yellow
45,88,yellow
41,6,yellow
16,4,yellow
1,80,yellow
40,3,yellow
66,48,yellow
51,20,black
81,30,yellow
92,37,yellow
59,57,yellow
97,30,yellow
45,36,black
95,1,yellow
12,86,yellow
43,65,yellow
76,1,yellow
63,49,yellow
33,38,black
29,50,yellow
93,9,yellow
79,17,yellow
90,8,yellow
13,15,yellow
56,56,yellow
30,94,yellow
42,25,black
68,3,yellow
99,32,yellow
59,93,yellow
53,47,yellow
16,79,yellow
6,40,yellow
89,77,yellow
63,11,yellow
60,55,yellow
82,0,yellow
68,41,yellow
76,47,yellow
73,46,yellow
43,78,yellow
86,64,yellow
37,41,yellow
40,2,yellow
60,58,yellow
44,96,yellow
8,42,yellow
75,19,yellow
28,43,yellow
22,25,yellow
72,11,yellow
81,29,yellow
4,34,yellow
36,86,black
45,33,black
89,21,yellow
67,96,yellow
55,14,black
4,95,yellow
1,42,yellow
35,94,yellow
57,43,yellow
82,10,yellow
2,94,yellow
73,0,yellow
54,1,yellow
76,58,yellow
96,93,yellow
20,67,yellow
84,15,yellow
59,51,yellow
36,73,black
88,4,yellow
55,99,yellow
26,48,yellow
84,18,yellow
16,98,yellow
52,11,black
67,26,black
59,48,yellow
46,51,yellow
27,75,black
48,31,black
50,56,yellow
51,18,black
63,80,black
47,42,yellow
55,58,yellow
8,79,yellow
41,48,yellow
12,96,yellow
96,81,yellow
71,57,yellow
52,49,yellow
38,43,yellow
65,41,yellow
89,69,yellow
1,41,yellow
55,23,black
43,38,black
84,60,yellow
18,71,yellow
98,4,yellow
50,13,black
73,4,yellow
89,79,yellow
79,83,black
13,95,yellow
66,91,yellow
96,72,yellow
85,75,yellow
8,77,yellow
17,15,yellow
4,94,yellow
66,5,yellow
64,19,black
98,78,yellow
49,84,yellow
79,42,yellow
0,51,yellow
93,88,yellow
12,79,yellow
27,37,black
60,8,yellow
49,72,yellow
64,96,yellow
83,11,yellow
10,33,yellow
68,91,yellow
59,58,yellow
3,96,yellow
39,2,yellow
35,61,yellow
42,38,black
14,1,yellow
70,16,black
11,52,yellow
29,72,black
48,48,yellow
50,66,yellow
19,80,yellow
11,72,yellow
8,27,yellow
17,69,yellow
52,85,yellow
86,94,yellow
19,45,yellow
49,62,yellow
7,26,yellow
37,35,black
12,58,yellow
71,43,yellow
35,45,yellow
83,24,yellow
85,34,yellow
78,99,yellow
52,13,black
24,13,yellow
76,5,yellow
60,34,black
68,89,black
30,65,yellow
14,12,yellow
81,28,yellow
18,49,yellow
82,45,yellow
80,53,yellow
30,90,black
37,65,yellow
74,91,yellow
91,66,yellow
46,17,black
42,45,yellow
21,44,yellow
1,65,yellow
93,90,yellow
7,22,yellow
66,54,yellow
76,97,yellow
49,40,yellow
81,32,yellow
65,23,black
61,66,yellow
23,9,yellow
86,8,yellow
40,15,black
71,77,black
66,90,yellow
2,98,yellow
56,64,yellow
25,11,yellow
98,79,yellow
30,85,black
55,17,black
49,33,black
50,50,yellow
15,48,yellow
0,76,yellow
97,62,yellow
40,65,yellow
1,98,yellow
45,59,yellow
50,11,black
58,46,yellow
4,43,yellow
43,12,black
73,97,yellow
66,57,yellow
31,59,yellow
0,70,yellow
94,75,yellow
47,87,yellow
97,11,yellow
77,35,black
56,45,yellow
88,74,yellow
32,62,yellow
66,10,yellow
93,53,yellow
50,7,yellow
40,24,black
28,5,yellow
85,31,yellow
52,99,yellow
74,13,yellow
44,41,yellow
24,47,yellow
44,71,yellow
6,92,yellow
2,19,yellow
93,99,yellow
59,73,yellow
79,28,black
42,39,black
70,46,yellow
76,68,yellow
54,8,yellow
22,6,yellow
97,39,yellow
87,87,yellow
8,46,yellow
52,18,black
49,63,yellow
8,36,yellow
47,53,yellow
31,8,yellow
98,60,yellow
24,39,black
41,69,yellow
87,69,yellow
2,54,yellow
74,89,black
61,58,yellow
67,47,yellow
44,88,yellow
44,63,yellow
50,92,yellow
25,59,yellow
92,83,yellow
8,32,yellow
31,45,yellow
8,30,yellow
19,88,yellow
96,88,yellow
7,47,yellow
55,66,yellow
47,80,yellow
86,27,yellow
35,92,yellow
26,61,yellow
39,37,black
29,94,yellow
51,23,black
6,76,yellow
63,8,yellow
19,37,black
80,46,yellow
68,18,black
35,0,yellow
86,30,yellow
31,70,yellow
70,79,black
94,63,yellow
56,67,yellow
50,5,yellow
45,8,yellow
21,36,black
33,10,yellow
7,56,yellow
78,16,yellow
73,87,black
52,77,yellow
47,46,yellow
84,3,yellow
1,29,yellow
19,75,yellow
24,46,yellow
67,53,yellow
41,14,black
8,39,yellow
89,9,yellow
15,50,yellow
36,66,yellow
76,26,black
41,96,yellow
42,37,black
30,17,black
60,54,yellow
1,35,yellow
27,69,yellow
64,76,black
98,38,yellow
30,3,yellow
57,59,yellow
33,97,yellow
66,47,yellow
74,85,black
60,78,yellow
93,70,yellow
85,11,yellow
57,8,yellow
6,17,yellow
60,17,black
8,38,yellow
23,23,yellow
60,85,yellow
96,71,yellow
91,32,yellow
66,66,yellow
55,53,yellow
68,34,black
3,73,yellow
1,0,yellow
95,68,yellow
23,65,yellow
36,61,yellow
64,70,yellow
47,29,black
68,56,yellow
6,32,yellow
3,25,yellow
85,95,yellow
56,98,yellow
4,48,yellow
33,61,yellow
53,85,yellow
14,60,yellow
26,49,yellow
77,29,black
87,64,yellow
4,45,yellow
40,80,black
10,57,yellow
74,52,yellow
26,19,yellow
35,32,black
2,11,yellow
78,42,yellow
69,93,yellow
90,41,yellow
77,31,black
41,42,yellow
47,67,yellow
64,58,yellow
17,21,yellow
0,25,yellow
80,37,black
33,44,yellow
4,97,yellow
85,62,yellow
68,82,black
11,95,yellow
18,7,yellow
83,37,yellow
73,54,yellow
37,22,black
44,93,yellow
91,1,yellow
82,92,yellow
37,54,yellow
65,76,black
65,29,black
56,6,yellow
55,37,black
16,74,yellow
81,16,yellow
33,19,black
12,90,yellow
0,49,yellow
52,57,yellow
21,22,yellow
4,7,yellow
91,31,yellow
17,0,yellow
75,65,yellow
3,55,yellow
59,10,black
2,42,yellow
8,95,yellow
63,55,yellow
86,96,yellow
50,67,yellow
86,69,yellow
19,7,yellow
67,89,black
22,81,black
67,36,black
6,86,yellow
86,24,yellow
76,50,yellow
51,51,yellow
3,30,yellow
35,9,yellow
8,29,yellow
43,57,yellow
19,93,yellow
21,9,yellow
53,69,yellow
86,80,yellow
34,10,yellow
7,34,yellow
81,94,yellow
71,32,black
53,60,yellow
77,79,black
15,94,yellow
95,30,yellow
21,45,yellow
94,51,yellow
76,70,yellow
81,4,yellow
67,30,black
12,72,yellow
43,59,yellow
81,25,yellow
43,88,yellow
84,48,yellow
78,83,black
59,87,yellow
51,40,yellow
4,38,yellow
8,78,yellow
67,24,black
2,47,yellow
56,0,yellow
10,98,yellow
79,47,yellow
26,25,black
49,75,yellow
74,80,black
35,49,yellow
38,79,black
68,35,black
82,32,yellow
22,90,yellow
52,67,yellow
62,4,yellow
0,45,yellow
12,41,yellow
81,81,yellow
15,23,yellow
46,54,yellow
21,15,yellow
74,55,yellow
2,32,yellow
45,61,yellow
44,59,yellow
71,62,yellow
57,5,yellow
91,49,yellow
12,47,yellow
38,70,yellow
73,67,yellow
74,97,yellow
23,4,yellow
41,33,black
42,13,black
15,49,yellow
74,37,black
79,20,yellow
83,22,yellow
31,15,black
69,91,yellow
95,28,yellow
7,73,yellow
90,9,yellow
29,65,yellow
96,58,yellow
26,22,black
68,29,black
90,12,yellow
71,94,yellow
19,53,yellow
56,18,black
32,36,black
52,86,yellow
8,72,yellow
15,81,yellow
4,24,yellow
18,87,yellow
88,38,yellow
10,70,yellow
45,35,black
67,51,yellow
95,79,yellow
39,5,yellow
68,98,yellow
70,6,yellow
51,86,yellow
23,45,yellow
87,60,yellow
67,37,black
16,84,yellow
90,51,yellow
42,79,yellow
49,70,yellow
37,36,black
35,58,yellow
61,0,yellow
7,8,yellow
79,89,yellow
67,97,yellow
24,12,yellow
10,31,yellow
48,61,yellow
65,2,yellow
17,23,yellow
50,15,black
14,16,yellow
65,77,black
98,98,yellow
70,52,yellow
76,3,yellow
16,47,yellow
87,86,yellow
66,35,black
73,60,yellow
67,74,black
73,34,black
98,53,yellow
5,65,yellow
32,89,black
61,15,black
86,33,yellow
28,11,yellow
15,69,yellow
90,53,yellow
8,61,yellow
96,44,yellow
81,17,yellow
74,83,black
84,12,yellow
22,68,yellow
38,2,yellow
2,64,yellow
96,95,yellow
64,85,black
30,58,yellow
16,14,yellow
28,28,black
74,74,black
61,83,black
16,40,yellow
64,17,black
2,80,yellow
62,52,yellow
34,40,yellow
90,14,yellow
1,54,yellow
81,34,black
82,4,yellow
1,16,yellow
20,26,yellow
15,52,yellow
28,52,yellow
40,20,black
88,49,yellow
68,67,yellow
57,90,yellow
47,84,yellow
43,22,black
42,78,yellow
54,2,yellow
44,20,black
20,72,yellow
69,27,black
20,86,yellow
12,12,yellow
70,58,yellow
84,67,yellow
83,67,yellow
4,3,yellow
11,33,yellow
73,65,yellow
75,33,black
6,95,yellow
21,64,yellow
80,29,yellow
89,36,yellow
29,10,yellow
26,6,yellow
31,49,yellow
60,98,yellow
92,38,yellow
43,18,black
81,9,yellow
60,97,yellow
64,55,yellow
46,6,yellow
9,57,yellow
39,0,yellow
92,3,yellow
2,49,yellow
62,90,yellow
40,17,black
76,2,yellow
79,3,yellow
12,29,yellow
9,87,yellow
98,7,yellow
65,21,black
87,11,yellow
69,11,yellow
64,50,yellow
32,35,black
93,37,yellow
98,92,yellow
50,4,yellow
68,5,yellow
61,2,yellow
21,52,yellow
14,47,yellow
18,97,yellow
90,38,yellow
48,92,yellow
42,68,yellow
10,1,yellow
36,93,yellow
58,54,yellow
99,20,yellow
10,91,yellow
83,3,yellow
98,63,yellow
63,29,black
22,71,yellow
74,36,black
2,30,yellow
52,65,yellow
98,35,yellow
79,38,black
52,72,yellow
73,58,yellow
17,35,yellow
89,47,yellow
8,83,yellow
52,42,yellow
57,71,yellow
12,28,yellow
36,68,yellow
90,20,yellow
59,86,yellow
58,96,yellow
88,21,yellow
80,87,yellow
71,22,black
26,13,yellow
53,49,yellow
4,70,yellow
21,29,black
12,54,yellow
7,62,yellow
22,40,yellow
95,77,yellow
44,11,black
84,2,yellow
62,95,yellow
6,54,yellow
90,37,yellow
55,91,yellow
87,24,yellow
94,76,yellow
3,54,yellow
45,89,yellow
9,27,yellow
22,52,yellow
73,52,yellow
80,42,yellow
46,49,yellow
37,37,black
61,44,yellow
53,6,yellow
80,30,black
3,38,yellow
53,18,black
54,36,black
89,84,yellow
31,11,yellow
87,79,yellow
51,7,yellow
25,56,yellow
88,81,yellow
22,59,yellow
97,12,yellow
41,88,yellow
1,36,yellow
22,19,yellow
84,40,yellow
33,13,yellow
97,57,yellow
70,89,black
57,51,yellow
57,53,yellow
82,62,yellow
11,5,yellow
97,73,yellow
68,84,black
96,28,yellow
10,69,yellow
78,57,yellow
60,61,yellow
4,65,yellow
41,35,black
73,71,black
26,29,black
11,59,yellow
23,92,yellow
92,65,yellow
60,38,black
57,47,yellow
90,83,yellow
65,53,yellow
73,59,yellow
59,70,yellow
96,29,yellow
25,25,black
46,42,yellow
62,19,black
87,81,yellow
9,32,yellow
15,17,yellow
14,68,yellow
99,77,yellow
93,80,yellow
20,7,yellow
1,68,yellow
94,20,yellow
70,66,yellow
94,42,yellow
7,78,yellow
56,65,yellow
18,35,yellow
76,72,black
4,71,yellow
11,16,yellow
22,22,yellow
58,85,yellow
46,90,yellow
10,35,yellow
95,69,yellow
34,13,black
75,86,black
84,66,yellow
52,89,yellow
25,97,yellow
22,96,yellow
16,41,yellow
40,27,black
26,18,yellow
13,2,yellow
19,24,yellow
48,55,yellow
64,83,black
30,20,black
50,16,black
2,97,yellow
63,61,yellow
76,88,black
63,26,black
15,22,yellow
52,82,yellow
84,37,yellow
1,8,yellow
43,70,yellow
98,97,yellow
61,43,yellow
91,24,yellow
83,21,yellow
42,3,yellow
24,76,black
92,17,yellow
31,50,yellow
7,6,yellow
56,19,black
96,4,yellow
45,70,yellow
85,79,yellow
28,53,yellow
56,58,yellow
71,78,black
35,86,black
47,61,yellow
8,55,yellow
99,66,yellow
93,36,yellow
35,97,yellow
94,94,yellow
54,3,yellow
88,77,yellow
69,99,yellow
23,86,black
33,45,yellow
30,73,black
12,99,yellow
68,86,black
20,90,yellow
32,91,yellow
31,32,black
42,34,black
67,79,black
9,56,yellow
0,1,yellow
58,40,yellow
25,30,black
99,27,yellow
80,68,yellow
25,91,yellow
70,26,black
50,1,yellow
66,14,black
54,34,black
27,42,yellow
62,73,yellow
72,86,black
29,12,yellow
88,61,yellow
71,98,yellow
51,76,yellow
5,86,yellow
90,79,yellow
79,22,yellow
47,85,yellow
65,72,black
95,9,yellow
4,77,yellow
30,70,black
80,96,yellow
38,51,yellow
88,94,yellow
91,71,yellow
56,51,yellow
0,89,yellow
37,16,black
63,73,black
33,60,yellow
27,56,yellow
54,40,yellow
83,6,yellow
88,19,yellow
14,71,yellow
47,92,yellow
19,97,yellow
54,69,yellow
25,26,black
5,26,yellow
59,65,yellow
71,2,yellow
42,71,yellow
38,38,black
91,68,yellow
82,70,yellow
7,48,yellow
7,19,yellow
72,23,black
69,82,black
16,89,yellow
62,78,black
6,12,yellow
52,39,black
27,57,yellow
34,73,black
27,34,black
5,90,yellow
78,26,black
57,83,yellow
65,42,yellow
85,65,yellow
46,8,yellow
92,5,yellow
65,84,black
43,66,yellow
54,26,black
70,43,yellow
51,63,yellow
12,48,yellow
4,33,yellow
77,89,yellow
97,22,yellow
75,42,yellow
87,66,yellow
33,68,yellow
46,16,black
7,53,yellow
3,76,yellow
5,66,yellow
71,16,yellow
62,70,yellow
93,47,yellow
24,6,yellow
91,51,yellow
28,92,yellow
66,76,black
15,43,yellow
89,33,yellow
63,69,yellow
72,47,yellow
25,47,yellow
34,99,yellow
53,26,black
5,12,yellow
48,84,yellow
30,84,black
86,45,yellow
7,13,yellow
63,66,yellow
84,51,yellow
35,71,yellow
94,71,yellow
82,31,yellow
74,42,yellow
46,10,black
87,30,yellow
20,57,yellow
91,52,yellow
76,62,yellow
27,78,black
96,30,yellow
20,99,yellow
57,31,black
80,88,yellow
77,14,yellow
43,9,yellow
80,97,yellow
69,23,black
61,49,yellow
33,28,black
7,7,yellow
62,66,yellow
13,92,yellow
74,87,black
69,68,yellow
23,18,yellow
97,2,yellow
90,58,yellow
52,75,yellow
17,2,yellow
97,43,yellow
57,45,yellow
63,78,black
60,68,yellow
80,16,yellow
47,9,black
62,16,black
43,79,yellow
77,9,yellow
39,25,black
58,73,yellow
17,14,yellow
34,91,yellow
23,53,yellow
70,12,yellow
67,75,black
2,77,yellow
43,40,yellow
52,61,yellow
97,71,yellow
91,76,yellow
57,81,yellow
81,67,yellow
82,76,yellow
74,64,yellow
10,61,yellow
30,28,black
6,75,yellow
50,99,yellow
89,43,yellow
89,45,yellow
65,39,black
71,38,black
29,53,yellow
2,90,yellow
41,22,black
79,78,black
97,66,yellow
87,51,yellow
91,50,yellow
57,0,yellow
77,49,yellow
14,34,yellow
38,56,yellow
29,59,yellow
92,68,yellow
6,52,yellow
69,21,black
69,9,yellow
47,31,black
59,89,yellow
17,43,yellow
3,69,yellow
17,80,yellow
50,38,black
1,47,yellow
61,25,black
88,1,yellow
74,59,yellow
40,91,yellow
21,96,yellow
21,10,yellow
9,55,yellow
44,54,yellow
69,20,black
69,42,yellow
22,49,yellow
11,96,yellow
51,39,black
25,87,black
38,5,yellow
44,52,yellow
9,50,yellow
14,29,yellow
51,73,yellow
53,61,yellow
0,68,yellow
17,30,yellow
49,15,black
36,3,yellow
68,54,yellow
98,88,yellow
97,50,yellow
9,25,yellow
23,87,black
46,53,yellow
12,93,yellow
60,83,yellow
60,40,yellow
30,86,black
86,65,yellow
20,40,yellow
91,89,yellow
84,26,yellow
6,61,yellow
77,5,yellow
98,28,yellow
40,61,yellow
2,16,yellow
79,40,yellow
46,25,black
18,64,yellow
80,2,yellow
16,68,yellow
74,45,yellow
38,60,yellow
65,86,black
45,46,yellow
67,17,black
96,62,yellow
77,22,yellow
83,88,yellow
1,79,yellow
61,61,yellow
72,76,black
40,4,yellow
16,7,yellow
66,46,yellow
39,63,yellow
91,39,yellow
65,45,yellow
80,14,yellow
78,49,yellow
7,1,yellow
53,54,yellow
78,32,black
26,24,black
17,93,yellow
35,87,black
57,28,black
16,45,yellow
11,94,yellow
80,15,yellow
28,36,black
9,17,yellow
